{"cameraMode":{"drawMode":0,"name":"Shaded","section":"Shading Mode"},"sceneLighting":true,"audioPlay":false,"sceneViewState":{"showFog":true,"showMaterialUpdate":true,"showSkybox":true,"showFlares":true,"showImageEffects":true,"showParticleSystems":true},"in2DMode":false,"pivot":{"x":565.58935546875,"y":362.4747009277344,"z":-938.5641479492188},"rotation":{"x":-0.00567542714998126,"y":0.005683278199285269,"z":0.00003281887620687485,"w":0.9999678134918213},"size":110.81916046142578,"orthographic":false}