{"cameraMode":{"drawMode":0,"name":"Shaded","section":"Shading Mode"},"sceneLighting":false,"audioPlay":false,"sceneViewState":{"showFog":true,"showMaterialUpdate":false,"showSkybox":false,"showFlares":true,"showImageEffects":true,"showParticleSystems":true},"in2DMode":false,"pivot":{"x":3.8125,"y":3.2517507076263429,"z":0.03121471405029297},"rotation":{"x":-0.20682960748672486,"y":-0.05775972083210945,"z":0.012231350876390934,"w":-0.9765939712524414},"size":16.88252067565918,"orthographic":false}