{"cameraMode":{"drawMode":0,"name":"Shaded","section":"Shading Mode"},"sceneLighting":false,"audioPlay":false,"sceneViewState":{"showFog":true,"showMaterialUpdate":false,"showSkybox":true,"showFlares":true,"showImageEffects":true,"showParticleSystems":true},"in2DMode":false,"pivot":{"x":658.9307250976563,"y":425.67547607421877,"z":-909.24267578125},"rotation":{"x":0.003951475024223328,"y":-0.021268591284751893,"z":0.00008752249414101243,"w":0.9997660517692566},"size":0.29318100214004519,"orthographic":false}