{"cameraMode":{"drawMode":0,"name":"Shaded","section":"Shading Mode"},"sceneLighting":true,"audioPlay":false,"sceneViewState":{"showFog":true,"showMaterialUpdate":true,"showSkybox":true,"showFlares":true,"showImageEffects":true,"showParticleSystems":true},"in2DMode":false,"pivot":{"x":360.23431396484377,"y":142.067138671875,"z":-183.64984130859376},"rotation":{"x":-0.08542928099632263,"y":0.3520124554634094,"z":0.03228084370493889,"w":0.9315294623374939},"size":0.04523444175720215,"orthographic":false}