{"cameraMode":{"drawMode":0,"name":"Shaded","section":"Shading Mode"},"sceneLighting":true,"audioPlay":false,"sceneViewState":{"showFog":true,"showMaterialUpdate":true,"showSkybox":true,"showFlares":true,"showImageEffects":true,"showParticleSystems":true},"in2DMode":false,"pivot":{"x":193.8345947265625,"y":-29.677114486694337,"z":146.2040557861328},"rotation":{"x":-0.0728188008069992,"y":-0.4749027192592621,"z":0.03947269544005394,"w":-0.8761316537857056},"size":240.07797241210938,"orthographic":false}