{"cameraMode":{"drawMode":0,"name":"Shaded","section":"Shading Mode"},"sceneLighting":true,"audioPlay":false,"sceneViewState":{"showFog":true,"showMaterialUpdate":true,"showSkybox":true,"showFlares":true,"showImageEffects":true,"showParticleSystems":true},"in2DMode":false,"pivot":{"x":586.5992431640625,"y":361.46136474609377,"z":573.9776611328125},"rotation":{"x":0.0000020151635453657947,"y":-0.9999750256538391,"z":-0.007075993809849024,"w":-0.00008073986828094348},"size":240.07797241210938,"orthographic":false}