{"cameraMode":{"drawMode":0,"name":"Shaded","section":"Shading Mode"},"sceneLighting":true,"audioPlay":false,"sceneViewState":{"showFog":true,"showMaterialUpdate":true,"showSkybox":false,"showFlares":true,"showImageEffects":true,"showParticleSystems":true},"in2DMode":false,"pivot":{"x":637.5,"y":358.2789306640625,"z":1.0226445198059083},"rotation":{"x":-0.028794080018997194,"y":-0.8587000966072083,"z":0.048545051366090778,"w":-0.5093607902526856},"size":2433.200439453125,"orthographic":false}