{"cameraMode":{"drawMode":0,"name":"Shaded","section":"Shading Mode"},"sceneLighting":false,"audioPlay":false,"sceneViewState":{"showFog":true,"showMaterialUpdate":true,"showSkybox":false,"showFlares":true,"showImageEffects":true,"showParticleSystems":true},"in2DMode":false,"pivot":{"x":728.85107421875,"y":443.37298583984377,"z":-821.1875610351563},"rotation":{"x":0.02855752781033516,"y":-0.002610489260405302,"z":0.00007322542660403997,"w":0.9995887875556946},"size":22.0,"orthographic":false}