{"cameraMode":{"drawMode":0,"name":"Shaded","section":"Shading Mode"},"sceneLighting":true,"audioPlay":false,"sceneViewState":{"showFog":true,"showMaterialUpdate":true,"showSkybox":true,"showFlares":true,"showImageEffects":true,"showParticleSystems":true},"in2DMode":false,"pivot":{"x":43.595741271972659,"y":11.740818977355957,"z":91.95867156982422},"rotation":{"x":0.04019104689359665,"y":0.6368282437324524,"z":-0.03327430412173271,"w":0.7692381739616394},"size":14.509495735168457,"orthographic":false}