{"cameraMode":{"drawMode":0,"name":"Shaded","section":"Shading Mode"},"sceneLighting":false,"audioPlay":false,"sceneViewState":{"showFog":false,"showMaterialUpdate":false,"showSkybox":false,"showFlares":false,"showImageEffects":false,"showParticleSystems":false},"in2DMode":false,"pivot":{"x":66.0537338256836,"y":20.894569396972658,"z":45.835872650146487},"rotation":{"x":-0.2271820604801178,"y":-0.0533716194331646,"z":0.012471707537770272,"w":-0.9723087549209595},"size":11.85752010345459,"orthographic":false}