{"cameraMode":{"drawMode":0,"name":"Shaded","section":"Shading Mode"},"sceneLighting":true,"audioPlay":false,"sceneViewState":{"showFog":true,"showMaterialUpdate":false,"showSkybox":true,"showFlares":true,"showImageEffects":true,"showParticleSystems":true},"in2DMode":false,"pivot":{"x":325.6199951171875,"y":420.4178466796875,"z":-133.19479370117188},"rotation":{"x":-0.2146332561969757,"y":-0.06292112171649933,"z":0.013857336714863778,"w":-0.9745673537254334},"size":429.7608642578125,"orthographic":false}